uuid,name,field_media_image
6aacaa34-6afc-4018-a6b0-e84d28d745bd,arrangingflowers.jpg,c07ac370-501c-43a3-9b8d-7e146cae5e7a
69d778f2-29c0-4e07-a9a6-e5199b3d0589,"Red Haze",3c06a1ed-50dd-43d2-a7ca-272928947840
4f94b0b8-a3ea-4e2c-a2d6-35ad3f9bde2c,Sunshine,73b902e5-f64b-45e7-bc08-ea5a5d2c2881
ae26dc32-6234-4a1a-9bb5-4978dd7165c9,Everlasting,e3fc0406-3bbe-44e8-a80d-220243f8aa2a
ab0f6cec-96fc-4ae5-9615-f4c12836f239,"Logo Florista",90510016-48de-436e-a269-1094c287bb59
910d230d-2acc-41b5-8bd5-139ee2e46639,Flowers,555045e1-8e5d-4446-ab6b-f7b748292f08
743a307c-9034-4d95-bd8d-1a32fba4ecc3,Topbloemen,97475146-c60a-490b-9bec-e314a8ae8c82
eed1a712-d3cc-4c8c-ae36-0058db783450,Roses,7d95593d-9449-40e9-8690-2533fa814469
a751d3c4-6fbe-4f84-b9a2-3412c1b3aa81,"Flower Arrangement",2d5ee557-1b19-4448-9e1c-919cb6c1c2d2
a31f0122-e426-4adc-a3a0-9504335ec7f2,Everlasting,5f8dcd10-1c3a-47d8-870a-18fcfe43618f
50617317-69fb-475c-9db8-ccbf534e19f7,Pieces,d7b09e01-0d9d-4478-a71f-07d5d30d5fb5
